customer_id,customer_first_name,customer_last_name,customer_segment,country,orders_last_month,orders_last_6_months,orders_last_12_months,orders_all_time,file_path,execution_datetime,order_year,order_month,order_day
,,,,United States,1,1,1,1,data\sales.csv,2026-09-26 20:03:32.295069,2018,12,30
C-001,Ada,Lovelace,Consumer,United Kingdom,2,2,3,3,data\sales.csv,2026-09-26 20:03:32.295069,2018,12,30
C-002,Grace,Hopper,Corporate,United States,1,1,1,1,data\sales.csv,2026-09-26 20:03:32.295069,2018,12,30
C-003,Alan,Turing,Corporate,United States,1,1,1,1,data\sales.csv,2026-09-26 20:03:32.295069,2018,12,30
C-004,Marie,Curie,Home Office,France,1,1,1,1,data\sales.csv,2026-09-26 20:03:32.295069,2018,12,30
C-005,Linus,Torvalds,Consumer,Germany,1,1,1,1,data\sales.csv,2026-09-26 20:03:32.295069,2018,12,30
C-006,Tim,Berners-Lee,Corporate,United Kingdom,1,1,1,1,data\sales.csv,2026-09-26 20:03:32.295069,2018,12,30
C-007,Barbara,Mcclintock,Consumer,Canada,1,1,1,1,data\sales.csv,2026-09-26 20:03:32.295069,2018,12,30
C-008,Isaac,Newton,Home Office,Australia,1,1,1,1,data\sales.csv,2026-09-26 20:03:32.295069,2018,12,30
C-009,Richard,Feynman,Consumer,United States,1,1,1,1,data\sales.csv,2026-09-26 20:03:32.295069,2018,12,30
C-010,Emmy,Noether,Corporate,Germany,1,1,1,1,data\sales.csv,2026-09-26 20:03:32.295069,2018,12,30
C-011,David,Hilbert,Consumer,France,1,1,1,1,data\sales.csv,2026-09-26 20:03:32.295069,2018,12,30
C-012,Katherine,Johnson,Home Office,United States,1,1,1,1,data\sales.csv,2026-09-26 20:03:32.295069,2018,12,30
C-013,Stephen,Hawking,Consumer,United Kingdom,1,1,1,1,data\sales.csv,2026-09-26 20:03:32.295069,2018,12,30
C-014,Charles,Darwin,Corporate,United States,1,1,1,1,data\sales.csv,2026-09-26 20:03:32.295069,2018,12,30
C-015,Jane,Goodall,Consumer,Canada,1,1,1,1,data\sales.csv,2026-09-26 20:03:32.295069,2018,12,30
C-016,Albert,Einstein,Home Office,Germany,1,1,1,1,data\sales.csv,2026-09-26 20:03:32.295069,2018,12,30
C-017,Nikola,Tesla,Corporate,United States,1,1,1,1,data\sales.csv,2026-09-26 20:03:32.295069,2018,12,30
C-018,Marie,Curie,Consumer,France,1,1,1,1,data\sales.csv,2026-09-26 20:03:32.295069,2018,12,30
C-019,John,Neumann,Corporate,United Kingdom,1,1,1,1,data\sales.csv,2026-09-26 20:03:32.295069,2018,12,30
C-020,Rosalind,Franklin,Home Office,Australia,1,1,1,1,data\sales.csv,2026-09-26 20:03:32.295069,2018,12,30
C-021,Max,Planck,Consumer,United States,1,1,1,1,data\sales.csv,2026-09-26 20:03:32.295069,2018,12,30
C-022,Noam,Chomsky,Corporate,Canada,1,1,1,1,data\sales.csv,2026-09-26 20:03:32.295069,2018,12,30
C-023,Alan,Turing,Consumer,Germany,1,1,1,1,data\sales.csv,2026-09-26 20:03:32.295069,2018,12,30
C-024,Hedy,Lamarr,Home Office,United States,1,1,1,1,data\sales.csv,2026-09-26 20:03:32.295069,2018,12,30
C-025,Mae,Jemison,Consumer,United Kingdom,1,1,1,1,data\sales.csv,2026-09-26 20:03:32.295069,2018,12,30
C-026,Guglielmo,Marconi,Corporate,Italy,1,1,1,1,data\sales.csv,2026-09-26 20:03:32.295069,2018,12,30
C-027,Amelia,Earhart,Home Office,United States,1,1,1,1,data\sales.csv,2026-09-26 20:03:32.295069,2018,12,30
C-028,Niels,Bohr,Consumer,France,1,1,1,1,data\sales.csv,2026-09-26 20:03:32.295069,2018,12,30
C-029,Grace,Hopper,Corporate,United States,1,1,1,1,data\sales.csv,2026-09-26 20:03:32.295069,2018,12,30
C-030,Alan,Turing,Consumer,United Kingdom,1,1,1,1,data\sales.csv,2026-09-26 20:03:32.295069,2018,12,30
C-031,Mary,Anning,Home Office,Australia,1,1,1,1,data\sales.csv,2026-09-26 20:03:32.295069,2018,12,30
C-032,Sheldon,Cooper,Corporate,Canada,1,1,1,1,data\sales.csv,2026-09-26 20:03:32.295069,2018,12,30
C-033,Neil,Tyson,Consumer,Germany,1,1,1,1,data\sales.csv,2026-09-26 20:03:32.295069,2018,12,30
C-034,Jane,Austen,Home Office,United States,1,1,1,1,data\sales.csv,2026-09-26 20:03:32.295069,2018,12,30
C-035,Isaac,Asimov,Corporate,France,1,1,1,1,data\sales.csv,2026-09-26 20:03:32.295069,2018,12,30
C-036,Margaret,Hamilton,Consumer,United States,1,1,1,1,data\sales.csv,2026-09-26 20:03:32.295069,2018,12,30
C-037,Ludwig,Beethoven,Corporate,Germany,1,1,1,1,data\sales.csv,2026-09-26 20:03:32.295069,2018,12,30
C-038,Virginia,Woolf,Home Office,United Kingdom,1,1,1,1,data\sales.csv,2026-09-26 20:03:32.295069,2018,12,30
C-039,Caroline,Herschel,Consumer,United States,1,1,1,1,data\sales.csv,2026-09-26 20:03:32.295069,2018,12,30
C-040,Anders,Celsius,Corporate,Sweden,1,1,1,1,data\sales.csv,2026-09-26 20:03:32.295069,2018,12,30
C-041,William,Shakespeare,Consumer,United Kingdom,1,1,1,1,data\sales.csv,2026-09-26 20:03:32.295069,2018,12,30
C-042,Marie,Sklodowska,Home Office,Poland,1,1,1,1,data\sales.csv,2026-09-26 20:03:32.295069,2018,12,30
C-043,Friedrich,Nietzsche,Corporate,Germany,1,1,1,1,data\sales.csv,2026-09-26 20:03:32.295069,2018,12,30
C-044,Jane,Goodall,Consumer,United States,1,1,1,1,data\sales.csv,2026-09-26 20:03:32.295069,2018,12,30
C-045,Leonardo,Vinci,Home Office,Italy,1,1,1,1,data\sales.csv,2026-09-26 20:03:32.295069,2018,12,30
C-046,Galileo,Galilei,Consumer,Spain,1,1,1,1,data\sales.csv,2026-09-26 20:03:32.295069,2018,12,30
C-047,Johannes,Kepler,Corporate,Netherlands,1,1,1,1,data\sales.csv,2026-09-26 20:03:32.295069,2018,12,30
C-048,Oscar,Wilde,Consumer,United Kingdom,1,1,1,1,data\sales.csv,2026-09-26 20:03:32.295069,2018,12,30
C-049,Henri,Poincare,Home Office,France,1,1,1,1,data\sales.csv,2026-09-26 20:03:32.295069,2018,12,30
C-050,Pyotr,Tchaikovsky,Corporate,Russia,1,1,1,1,data\sales.csv,2026-09-26 20:03:32.295069,2018,12,30
C-051,Annie,Cannon,Consumer,United States,1,1,1,1,data\sales.csv,2026-09-26 20:03:32.295069,2018,12,30
C-052,Mae,Jemison,Home Office,Canada,1,1,1,1,data\sales.csv,2026-09-26 20:03:32.295069,2018,12,30
C-053,Alexander,Fleming,Corporate,United Kingdom,1,1,1,1,data\sales.csv,2026-09-26 20:03:32.295069,2018,12,30
C-054,Chien-Shiung,Wu,Consumer,China,1,1,1,1,data\sales.csv,2026-09-26 20:03:32.295069,2018,12,30
C-055,George,Boole,Home Office,United States,1,1,1,1,data\sales.csv,2026-09-26 20:03:32.295069,2018,12,30
C-056,Alan,Turing,Corporate,Germany,1,1,1,1,data\sales.csv,2026-09-26 20:03:32.295069,2018,12,30
C-057,Rita,Levi-Montalcini,Consumer,Italy,1,1,1,1,data\sales.csv,2026-09-26 20:03:32.295069,2018,12,30
C-058,Grace,Hopper,Home Office,United States,1,1,1,1,data\sales.csv,2026-09-26 20:03:32.295069,2018,12,30
C-059,Ada,Lovelace,Consumer,United Kingdom,1,1,1,1,data\sales.csv,2026-09-26 20:03:32.295069,2018,12,30
C-059,Grace,Hopper,Consumer,United States,1,1,1,1,data\sales.csv,2026-09-26 20:03:32.295069,2018,12,30
C-061,Jane,Goodall,Consumer,United States,1,1,1,1,data\sales.csv,2026-09-26 20:03:32.295069,2018,12,30
C-062,Marie,Curie,Home Office,France,1,1,1,1,data\sales.csv,2026-09-26 20:03:32.295069,2018,12,30
C-063,Ada,Lovelace,Consumer,United Kingdom,1,1,1,1,data\sales.csv,2026-09-26 20:03:32.295069,2018,12,30
