row_id,order_id,order_date,ship_date,ship_mode,customer_id,customer_name,segment,country_name,city,file_path,execution_datetime,order_year,order_month,order_day
1,CA-001,2018-12-30,2019-01-02,Standard,C-001,Ada Lovelace,Consumer,United Kingdom,London,data\sales.csv,2026-09-27 12:22:34.934640,2018.0,12.0,30.0
2,CA-002,2018-11-30,2018-12-02,First,C-001,Ada Lovelace,Consumer,United Kingdom,London,data\sales.csv,2026-09-27 12:22:34.934640,2018.0,11.0,30.0
3,CA-003,2018-01-01,2018-01-03,Standard,C-001,Ada Lovelace,Consumer,United Kingdom,London,data\sales.csv,2026-09-27 12:22:34.934640,2018.0,1.0,1.0
4,CA-004,2018-12-15,2018-12-20,Second,C-002,Grace Hopper,Corporate,United States,New York,data\sales.csv,2026-09-27 12:22:34.934640,2018.0,12.0,15.0
5,CA-005,2019-02-10,2019-02-12,First,C-003,Alan Turing,Corporate,United States,Chicago,data\sales.csv,2026-09-27 12:22:34.934640,2019.0,2.0,10.0
6,CA-006,2019-03-05,2019-03-08,Standard,C-004,Marie Curie,Home Office,France,Paris,data\sales.csv,2026-09-27 12:22:34.934640,2019.0,3.0,5.0
7,CA-007,2019-04-18,2019-04-22,Second,C-005,Linus Torvalds,Consumer,Germany,Berlin,data\sales.csv,2026-09-27 12:22:34.934640,2019.0,4.0,18.0
8,CA-008,2019-05-22,2019-05-25,Standard,C-006,Tim Berners-Lee,Corporate,United Kingdom,Manchester,data\sales.csv,2026-09-27 12:22:34.934640,2019.0,5.0,22.0
9,CA-009,2019-06-09,2019-06-11,First,C-007,Barbara Mcclintock,Consumer,Canada,Toronto,data\sales.csv,2026-09-27 12:22:34.934640,2019.0,6.0,9.0
10,CA-010,2019-07-14,2019-07-17,Standard,C-008,Isaac Newton,Home Office,Australia,Sydney,data\sales.csv,2026-09-27 12:22:34.934640,2019.0,7.0,14.0
11,CA-011,2019-08-03,2019-08-05,Second,C-009,Richard Feynman,Consumer,United States,Los Angeles,data\sales.csv,2026-09-27 12:22:34.934640,2019.0,8.0,3.0
12,CA-012,2019-09-20,2019-09-24,First,C-010,Emmy Noether,Corporate,Germany,Hamburg,data\sales.csv,2026-09-27 12:22:34.934640,2019.0,9.0,20.0
13,CA-013,2019-10-11,2019-10-14,Standard,C-011,David Hilbert,Consumer,France,Marseille,data\sales.csv,2026-09-27 12:22:34.934640,2019.0,10.0,11.0
14,CA-014,2019-11-27,2019-11-30,Second,C-012,Katherine Johnson,Home Office,United States,Atlanta,data\sales.csv,2026-09-27 12:22:34.934640,2019.0,11.0,27.0
15,CA-015,2020-01-07,2020-01-10,Standard,C-013,Stephen Hawking,Consumer,United Kingdom,Birmingham,data\sales.csv,2026-09-27 12:22:34.934640,2020.0,1.0,7.0
16,CA-016,2020-01-29,2020-02-01,First,C-014,Charles Darwin,Corporate,United States,Seattle,data\sales.csv,2026-09-27 12:22:34.934640,2020.0,1.0,29.0
17,CA-017,2020-02-18,2020-02-20,Second,C-015,Jane Goodall,Consumer,Canada,Vancouver,data\sales.csv,2026-09-27 12:22:34.934640,2020.0,2.0,18.0
18,CA-018,2020-03-12,2020-03-15,Standard,C-016,Albert Einstein,Home Office,Germany,Frankfurt,data\sales.csv,2026-09-27 12:22:34.934640,2020.0,3.0,12.0
19,CA-019,2020-04-02,2020-04-05,First,C-017,Nikola Tesla,Corporate,United States,Miami,data\sales.csv,2026-09-27 12:22:34.934640,2020.0,4.0,2.0
20,CA-020,2020-04-28,2020-05-02,Standard,C-018,Marie Curie,Consumer,France,Lyon,data\sales.csv,2026-09-27 12:22:34.934640,2020.0,4.0,28.0
21,CA-021,2020-05-30,2020-06-02,Second,C-019,John Von Neumann,Corporate,United Kingdom,Edinburgh,data\sales.csv,2026-09-27 12:22:34.934640,2020.0,5.0,30.0
22,CA-022,2020-06-14,2020-06-18,First,C-020,Rosalind Franklin,Home Office,Australia,Melbourne,data\sales.csv,2026-09-27 12:22:34.934640,2020.0,6.0,14.0
23,CA-023,2020-07-08,2020-07-10,Standard,C-021,Max Planck,Consumer,United States,Dallas,data\sales.csv,2026-09-27 12:22:34.934640,2020.0,7.0,8.0
24,CA-024,2020-08-19,2020-08-23,Second,C-022,Noam Chomsky,Corporate,Canada,Montreal,data\sales.csv,2026-09-27 12:22:34.934640,2020.0,8.0,19.0
25,CA-025,2020-09-06,2020-09-09,First,C-023,Alan Turing,Consumer,Germany,Munich,data\sales.csv,2026-09-27 12:22:34.934640,2020.0,9.0,6.0
26,CA-026,2020-10-03,2020-10-06,Standard,C-024,Hedy Lamarr,Home Office,United States,Boston,data\sales.csv,2026-09-27 12:22:34.934640,2020.0,10.0,3.0
27,CA-027,2020-11-15,2020-11-18,Second,C-025,Mae Jemison,Consumer,United Kingdom,Leeds,data\sales.csv,2026-09-27 12:22:34.934640,2020.0,11.0,15.0
28,CA-028,2020-12-09,2020-12-13,First,C-026,Guglielmo Marconi,Corporate,Italy,Rome,data\sales.csv,2026-09-27 12:22:34.934640,2020.0,12.0,9.0
29,CA-029,2021-01-12,2021-01-15,Standard,C-027,Amelia Earhart,Home Office,United States,Denver,data\sales.csv,2026-09-27 12:22:34.934640,2021.0,1.0,12.0
30,CA-030,2021-02-22,2021-02-26,Second,C-028,Niels Bohr,Consumer,France,Nice,data\sales.csv,2026-09-27 12:22:34.934640,2021.0,2.0,22.0
31,CA-031,2021-03-17,2021-03-20,First,C-029,Grace Hopper,Corporate,United States,San Francisco,data\sales.csv,2026-09-27 12:22:34.934640,2021.0,3.0,17.0
32,CA-032,2021-04-05,2021-04-08,Standard,C-030,Alan Turing,Consumer,United Kingdom,Liverpool,data\sales.csv,2026-09-27 12:22:34.934640,2021.0,4.0,5.0
33,CA-033,2021-05-11,2021-05-14,Second,C-031,Mary Anning,Home Office,Australia,Perth,data\sales.csv,2026-09-27 12:22:34.934640,2021.0,5.0,11.0
34,CA-034,2021-06-30,2021-07-03,First,C-032,Sheldon Cooper,Corporate,Canada,Calgary,data\sales.csv,2026-09-27 12:22:34.934640,2021.0,6.0,30.0
35,CA-035,2021-07-22,2021-07-26,Standard,C-033,Neil Degrasse Tyson,Consumer,Germany,Cologne,data\sales.csv,2026-09-27 12:22:34.934640,2021.0,7.0,22.0
36,CA-036,2021-08-14,2021-08-18,Second,C-034,Jane Austen,Home Office,United States,Austin,data\sales.csv,2026-09-27 12:22:34.934640,2021.0,8.0,14.0
37,CA-037,2021-09-11,2021-09-15,First,C-035,Isaac Asimov,Corporate,France,Paris,data\sales.csv,2026-09-27 12:22:34.934640,2021.0,9.0,11.0
38,CA-038,2021-10-09,2021-10-13,Standard,C-036,Margaret Hamilton,Consumer,United States,Chicago,data\sales.csv,2026-09-27 12:22:34.934640,2021.0,10.0,9.0
39,CA-039,2021-11-20,2021-11-24,Second,C-037,Ludwig Van Beethoven,Corporate,Germany,Berlin,data\sales.csv,2026-09-27 12:22:34.934640,2021.0,11.0,20.0
40,CA-040,2021-12-18,2021-12-22,First,C-038,Virginia Woolf,Home Office,United Kingdom,London,data\sales.csv,2026-09-27 12:22:34.934640,2021.0,12.0,18.0
41,CA-041,2022-01-08,2022-01-11,Standard,C-039,Caroline Herschel,Consumer,United States,Philadelphia,data\sales.csv,2026-09-27 12:22:34.934640,2022.0,1.0,8.0
42,CA-042,2022-01-26,2022-01-30,Second,C-040,Anders Celsius,Corporate,Sweden,Stockholm,data\sales.csv,2026-09-27 12:22:34.934640,2022.0,1.0,26.0
43,CA-043,2022-02-14,2022-02-17,First,C-041,William Shakespeare,Consumer,United Kingdom,Bristol,data\sales.csv,2026-09-27 12:22:34.934640,2022.0,2.0,14.0
44,CA-044,2022-03-09,2022-03-13,Standard,C-042,Marie Sklodowska,Home Office,Poland,Warsaw,data\sales.csv,2026-09-27 12:22:34.934640,2022.0,3.0,9.0
45,CA-045,2022-04-19,2022-04-22,Second,C-043,Friedrich Nietzsche,Corporate,Germany,Leipzig,data\sales.csv,2026-09-27 12:22:34.934640,2022.0,4.0,19.0
46,CA-046,2022-05-06,2022-05-09,First,C-044,Jane Goodall,Consumer,United States,Portland,data\sales.csv,2026-09-27 12:22:34.934640,2022.0,5.0,6.0
47,CA-047,2022-06-02,2022-06-05,Standard,C-045,Leonardo Da Vinci,Home Office,Italy,Milan,data\sales.csv,2026-09-27 12:22:34.934640,2022.0,6.0,2.0
48,CA-048,2022-07-13,2022-07-16,Second,C-046,Galileo Galilei,Consumer,Spain,Madrid,data\sales.csv,2026-09-27 12:22:34.934640,2022.0,7.0,13.0
49,CA-049,2022-08-21,2022-08-24,First,C-047,Johannes Kepler,Corporate,Netherlands,Amsterdam,data\sales.csv,2026-09-27 12:22:34.934640,2022.0,8.0,21.0
50,CA-050,2022-09-18,2022-09-21,Standard,C-048,Oscar Wilde,Consumer,United Kingdom,Glasgow,data\sales.csv,2026-09-27 12:22:34.934640,2022.0,9.0,18.0
51,CA-051,2022-10-05,2022-10-08,Second,C-049,Henri Poincare,Home Office,France,Lille,data\sales.csv,2026-09-27 12:22:34.934640,2022.0,10.0,5.0
52,CA-052,2022-11-11,2022-11-15,First,C-050,Pyotr Tchaikovsky,Corporate,Russia,Moscow,data\sales.csv,2026-09-27 12:22:34.934640,2022.0,11.0,11.0
53,CA-053,2022-12-03,2022-12-06,Standard,C-051,Annie Jump Cannon,Consumer,United States,Nashville,data\sales.csv,2026-09-27 12:22:34.934640,2022.0,12.0,3.0
54,CA-054,2023-01-17,2023-01-20,Second,C-052,Mae Jemison,Home Office,Canada,Ottawa,data\sales.csv,2026-09-27 12:22:34.934640,2023.0,1.0,17.0
55,CA-055,2023-02-05,2023-02-08,First,C-053,Alexander Fleming,Corporate,United Kingdom,Manchester,data\sales.csv,2026-09-27 12:22:34.934640,2023.0,2.0,5.0
56,CA-056,2023-03-14,2023-03-18,Standard,C-054,Chien-Shiung Wu,Consumer,China,Shanghai,data\sales.csv,2026-09-27 12:22:34.934640,2023.0,3.0,14.0
57,CA-057,2023-04-09,2023-04-12,Second,C-055,George Boole,Home Office,United States,Houston,data\sales.csv,2026-09-27 12:22:34.934640,2023.0,4.0,9.0
58,CA-058,2023-05-20,2023-05-24,First,C-056,Alan Turing,Corporate,Germany,Berlin,data\sales.csv,2026-09-27 12:22:34.934640,2023.0,5.0,20.0
59,CA-059,2023-06-28,2023-07-01,Standard,C-057,Rita Levi-Montalcini,Consumer,Italy,Florence,data\sales.csv,2026-09-27 12:22:34.934640,2023.0,6.0,28.0
60,CA-060,2023-07-12,2023-07-15,Second,C-058,Grace Hopper,Home Office,United States,Seattle,data\sales.csv,2026-09-27 12:22:34.934640,2023.0,7.0,12.0
61,CA-061,2023-08-09,2023-08-12,First,C-059,Grace Hopper,Consumer,United States,New York,data\sales.csv,2026-09-27 12:22:34.934640,2023.0,8.0,9.0
62,CA-062,2023-08-20,2023-08-24,Standard,,,,United States,New York,data\sales.csv,2026-09-27 12:22:34.934640,2023.0,8.0,20.0
63,CA-063,2023-09-04,2023-09-07,First,C-059,Ada Lovelace,Consumer,United Kingdom,London,data\sales.csv,2026-09-27 12:22:34.934640,2023.0,9.0,4.0
65,CA-065,2023-10-16,,Standard,C-061,Jane Goodall,Consumer,United States,New York,data\sales.csv,2026-09-27 12:22:34.934640,2023.0,10.0,16.0
66,CA-066,2023-11-08,2023-11-11,First,C-062,Marie Curie,Home Office,France,Paris,data\sales.csv,2026-09-27 12:22:34.934640,2023.0,11.0,8.0
67,CA-067,2023-12-15,2023-12-18,Second,C-063,Ada Lovelace,Consumer,United Kingdom,London,data\sales.csv,2026-09-27 12:22:34.934640,2023.0,12.0,15.0
